<?xml version="1.0" encoding="UTF-8"?>
<project-private xmlns="http://www.netbeans.org/ns/project-private/1">
    <editor-bookmarks xmlns="http://www.netbeans.org/ns/editor-bookmarks/2" lastBookmarkId="0"/>
    <open-files xmlns="http://www.netbeans.org/ns/projectui-open-files/2">
        <group>
            <file>file:/C:/Users/bryan/OneDrive/Documentos/NetBeansProjects/Farmacia/src/java/com/bean/ServletCarrinho.java</file>
            <file>file:/C:/Users/bryan/OneDrive/Documentos/NetBeansProjects/Farmacia/web/produtos.jsp</file>
            <file>file:/C:/Users/bryan/OneDrive/Documentos/NetBeansProjects/Farmacia/web/login.jsp</file>
            <file>file:/C:/Users/bryan/OneDrive/Documentos/NetBeansProjects/Farmacia/web/WEB-INF/web.xml</file>
            <file>file:/C:/Users/bryan/OneDrive/Documentos/NetBeansProjects/Farmacia/src/java/com/model/ProdutosDAO.java</file>
            <file>file:/C:/Users/bryan/OneDrive/Documentos/NetBeansProjects/Farmacia/src/java/com/controller/Produtos.java</file>
            <file>file:/C:/Users/bryan/OneDrive/Documentos/NetBeansProjects/Farmacia/web/carrinho.jsp</file>
            <file>file:/C:/Users/bryan/OneDrive/Documentos/NetBeansProjects/Farmacia/src/java/com/bean/ServletLogin.java</file>
        </group>
    </open-files>
</project-private>
